<?xml version="1.0" encoding="UTF-8"?>
<?xml-stylesheet type="text/xsl" href="http://www.ordnancesurvey.co.uk/xml/stylesheet/OSTerrainMetadataViewingStylesheet.xsl"?>

<gmd:MD_Metadata xmlns:gmd="http://www.isotc211.org/2005/gmd" xmlns:gml="http://www.opengis.net/gml/3.2" xmlns:xsi="http://www.w3.org/2001/XMLSchema-instance" xmlns:gmx="http://www.isotc211.org/2005/gmx" xmlns:gco="http://www.isotc211.org/2005/gco" xmlns:xlink="http://www.w3.org/1999/xlink" xsi:schemaLocation="http://www.isotc211.org/2005/gmx http://eden.ign.fr/xsd/isotc211/isofull/20090316/gmx/gmx.xsd"><!-- Unique identifier, required if this record is being used in a metadata management system -->
	<gmd:fileIdentifier>
		<gco:CharacterString>OSTerrain50.SJ81</gco:CharacterString>
	</gmd:fileIdentifier>
	<gmd:contact gco:nilReason="missing"></gmd:contact>
	<gmd:dateStamp>
		<gco:DateTime>2013-05-08T22:22:40</gco:DateTime>
	</gmd:dateStamp><!-- Projected Coordinate Reference System -->
	<gmd:referenceSystemInfo>
		<gmd:MD_ReferenceSystem>
			<gmd:referenceSystemIdentifier>
				<gmd:RS_Identifier>
					<gmd:code>
						<gmx:Anchor xlink:href="urn:ogc:def:crs:EPSG::27700">British National Grid</gmx:Anchor>
					</gmd:code>
				</gmd:RS_Identifier>
			</gmd:referenceSystemIdentifier>
		</gmd:MD_ReferenceSystem>
	</gmd:referenceSystemInfo><!-- Vertical Coordinate Reference System -->
	<gmd:referenceSystemInfo>
		<gmd:MD_ReferenceSystem>
			<gmd:referenceSystemIdentifier>
				<gmd:RS_Identifier>
					<gmd:code>
						<gmx:Anchor xlink:href="urn:ogc:def:crs:EPSG::5701">Ordnance Datum Newlyn</gmx:Anchor>
					</gmd:code>
				</gmd:RS_Identifier>
			</gmd:referenceSystemIdentifier>
		</gmd:MD_ReferenceSystem>
	</gmd:referenceSystemInfo>
	<gmd:identificationInfo>
		<gmd:MD_DataIdentification>
			<gmd:citation>
				<gmd:CI_Citation><!-- Tile Reference -->
					<gmd:title>
						<gco:CharacterString>SJ81</gco:CharacterString>
					</gmd:title>
					<gmd:date>
						<gmd:CI_Date><!-- Processing Date -->
							<gmd:date>
								<gco:Date>2013-05-06</gco:Date>
							</gmd:date><!-- Reason For Change (creation = New, revision = Modified/Verified) -->
							<gmd:dateType>
								<gmd:CI_DateTypeCode codeList="http://standards.iso.org/ittf/PubliclyAvailableStandards/ISO_19139_Schemas/resources/Codelist/gmxCodelists.xml#CI_DateTypeCode" codeListValue="creation">creation</gmd:CI_DateTypeCode>
							</gmd:dateType>
						</gmd:CI_Date>
					</gmd:date>
					<gmd:edition><!-- Version Number -->
						<gco:CharacterString>1.1</gco:CharacterString>
					</gmd:edition><!-- Product Name -->
					<gmd:collectiveTitle>
						<gco:CharacterString>OS Terrain 50</gco:CharacterString>
					</gmd:collectiveTitle>
				</gmd:CI_Citation>
			</gmd:citation>
			<gmd:abstract gco:nilReason="missing"></gmd:abstract><!-- grid (DTM) or vector (Contours) -->
			<gmd:spatialRepresentationType>
				<gmd:MD_SpatialRepresentationTypeCode codeList="http://www.isotc211.org/2005/resources/Codelist/gmxCodelists.xml#MD_SpatialRepresentationTypeCode" codeListValue="grid">grid</gmd:MD_SpatialRepresentationTypeCode>
			</gmd:spatialRepresentationType>
			<gmd:language gco:nilReason="inapplicable"></gmd:language>
			<gmd:topicCategory>
				<gmd:MD_TopicCategoryCode>elevation</gmd:MD_TopicCategoryCode>
			</gmd:topicCategory>
			<gmd:extent>
				<gmd:EX_Extent><!-- Flying Dates -->
					<gmd:temporalElement>
						<gmd:EX_TemporalExtent>
							<gmd:extent>
								<gml:TimePeriod gml:id="T1"><!-- Earliest Flying Date -->
									<gml:beginPosition>2010-10-24</gml:beginPosition><!-- Latest Flying Date (can be the same as the earliest) -->
									<gml:endPosition>2010-10-24</gml:endPosition>
								</gml:TimePeriod>
							</gmd:extent>
						</gmd:EX_TemporalExtent>
					</gmd:temporalElement>
				</gmd:EX_Extent>
			</gmd:extent>
		</gmd:MD_DataIdentification>
	</gmd:identificationInfo>
	<gmd:dataQualityInfo>
		<gmd:DQ_DataQuality>
			<gmd:scope>
				<gmd:DQ_Scope>
					<gmd:level>
						<gmd:MD_ScopeCode codeList="http://standards.iso.org/ittf/PubliclyAvailableStandards/ISO_19139_Schemas/resources/Codelist/gmxCodelists.xml#MD_ScopeCode" codeListValue="dataset">dataset</gmd:MD_ScopeCode>
					</gmd:level>
				</gmd:DQ_Scope>
			</gmd:scope>
			<gmd:lineage>
				<gmd:LI_Lineage>
					<gmd:statement><!-- New = "created from new imagery" --><!-- Modifed = "some parts revised from new imagery" --><!-- Verified = "new imagery examined and no change" -->
						<gco:CharacterString>created from new imagery</gco:CharacterString>
					</gmd:statement>
				</gmd:LI_Lineage>
			</gmd:lineage>
		</gmd:DQ_DataQuality>
	</gmd:dataQualityInfo>
	<gmd:series>
		<gmd:DS_Series>
			<gmd:composedOf gco:nilReason="withheld"></gmd:composedOf>
			<gmd:seriesMetadata xlink:href="http://www.ordnancesurvey.co.uk/oswebsite/xml/products/OSTerrain50Grid.xml"></gmd:seriesMetadata>
		</gmd:DS_Series>
	</gmd:series>
</gmd:MD_Metadata>
